Users,FollowersCount
bobcatsss2019,278
TupleScript,3
network25935525,7
nickishiring,92
ikbear,1303
8u1x0,25
fromADMwithlove,569
saglikozhan,425
keesone,526
sahelno,1
Wikicite,1709
nwalpin,0
machinelearnbot,46606
Jim_Salmons,568
Tswaynee,188
rainroogle,13
skhoboo,154
jlkoepke,834
softandfierce,600
epicureansir,15
ajioye,1445
kkt_tweet,32
Phonerium1,8
mcdonald,2619
wospworkshop,152
scientocracyio,380
PageDashApp,22
pluto_network,433
mir_smi,42
camsteiner,377
Hussam_A_Hallak,18
srbutner,434
HarvLatinoAlum,264
RebeccaCremona,63
vikesh_koul,518
TruthTRM,41
brian3354,43
nauman_sididque,26
kathi_gkr,45
maheedhargunnam,40
PlinioHVargas,20
RyanOkta16,2
mart1nkle1n,614
HarvardLIL,1829
sdaitzman,227
MiglenaMinkova,151
ZachTanZM,74
femalegazebot,147
IgwehJonah,170
jayjeystic,1507
iamidakwo,246
grateful_slave,600
rkarasick,153
lizalphilHR,854
quaycee,153
DamolaMore,1145
AijazAh20128175,2
KRGilbertson,968
aunty_ifeoma,170134
OG__Pumpin,51007
thepamilerin,53966
EbenezarWikina,4400
blossomozurumba,45248
grantcatkins,37
RyanDeschamps,3540
jasminemulliken,388
james3neal,8930
aabibliographer,1906
effodu,3981
ystvns,1026
Gram__Brad,0
Sophiepinky22,32
ProudPakArmy,79
Okereke_Lucky,4
NiekoGloss,23878
BabithaBokka,2
aag1091,640
knowtheory,4310
nanopub_org,394
mceke88,34
muddyduddle,6
joaileen_,366
erikaris,96
dennisredeker,215
AntonJRasmussen,7
SohanKhattak,56
jsayeidi123,4
jcdl2017,235
cipherbook,22
documentnow,1673
ProactiveProf,1198
JaveriaKiran2,19
clancynewyork,1775
captain_maybe,2055
Vendett26972328,13
akkshirsagar,6
ChrisAldrich,2037
oducs,200
jalbertbowdenii,2023
PositiveID_Corp,2062
archiveis,1835
permacc,482
fizza_hassan,42
KhTalha6,15
MySoulisFat,325
LawLiberated,122
vVvA,1042
khanashfaque2,123
ahidamzair,7013
atomotic,931
lkcalloway,1246
meangrape,5239
localmem,35
kevinphys,56
Mementoweb,53
scientiffic,1140
mzagaja,750
WhatBrett,1082
walkeroh,705
dpjones1983,97
jesseajohnston,1418
SocScholarCR,751
diuhtez,203
chrisfreeland,1528
J_IreneTieman,307
moduloone,455
helgeho,82
webrecorder_io,1295
BergisJules,2529
mdzellerCDAL,54
williamjturkel,3645
weiglemc,265
hvdsomp,1830
emilymaemura,132
docmattweber,1072
DanKerchner,290
Moha_Magdy,764
todrobbins,2162
jessogden,2124
edsu,5168
ncasemajor,360
johnaberlin,92
Mohamma47262302,13
anneliv,227
ssfrug,143
WessamElhefnawy,114
doviethung,19
thenetmonitor,2448
muira_mccammon,870
e_mccain,546
zittrain,42632
abziegler,1540
this_phillips,244
elithemutt,231
DanMilanko,9
CorrenMcCoy,32
6T7VXu11XcTiAbd,11
nofearcoca972,271
nichworby,20
smythbound,176
moffattchristie,50
srocheleau,330
kelseyutne,417
f_nanni,429
ruebot,1754
AllisonHegel,201
pj_webster,2827
nullhandle,1118
bertramlyons,1524
KatherineRCook,1509
jeremyw,277
IuliaCristina12,116
AndreeaCorinaM2,322
majetisiri,36
babafree2223,46
SaligariTwitte,10
ianmilligan1,4406
phonedude_mln,740
riyadgraphic,17
kaylamarie0110,20
janesodea,3
shawnmjones,292
kingswebit,137
Galsondor,147
LOttobre,23
robina_naazli,726
justinfbrunelle,259
ibnesayeed,579
abenbot,44
aheshamSalem,260
LulwahMA,53
yasmina_anwar,476
maturban1,106
WebSciDL,321
